https://soldout.com/sitemap-base.xml,2024-12-16,https://soldout.com/cityguides,200
https://soldout.com/sitemap-base.xml,2024-12-16,https://soldout.com/big-west-basketball-championship-tickets,200
https://soldout.com/sitemap-base.xml,2024-12-16,https://soldout.com/Coastal-Athletic-Association,200
https://soldout.com/sitemap-base.xml,2024-12-16,https://soldout.com/world-cup-package,200
https://soldout.com/sitemap-base.xml,2024-12-16,https://soldout.com/conference-announcement-pr,200
https://soldout.com/sitemap-base.xml,2024-12-16,https://soldout.com/West-Coast-Conference,200
https://soldout.com/sitemap-base.xml,2024-12-16,https://soldout.com/press,200
https://soldout.com/sitemap-base.xml,2024-12-16,https://soldout.com/contact-us,200
https://soldout.com/sitemap-base.xml,2024-12-16,https://soldout.com/superbowl-options,200
https://soldout.com/sitemap-base.xml,2024-12-16,https://soldout.com/video-tips,200
https://soldout.com/sitemap-base.xml,2024-12-16,https://soldout.com/pictures,200
https://soldout.com/sitemap-base.xml,2024-12-16,https://soldout.com/Western-Athletic-Conference,200
https://soldout.com/sitemap-base.xml,2024-12-16,https://soldout.com/Masters-tournament-Package,200
https://soldout.com/sitemap-base.xml,2024-12-16,https://soldout.com/packages,200
https://soldout.com/sitemap-base.xml,2024-12-16,https://soldout.com/terms,200
https://soldout.com/sitemap-base.xml,2024-12-16,https://soldout.com/bearkat-pr,200
https://soldout.com/sitemap-base.xml,2024-12-16,https://soldout.com/about-us,200
https://soldout.com/sitemap-base.xml,2024-12-16,https://soldout.com/Sun-Belt-Conference,200
https://soldout.com/sitemap-base.xml,2024-12-16,https://soldout.com/money-back-guarantee,200
https://soldout.com/sitemap-base.xml,2024-12-16,https://soldout.com/FAQ,200
https://soldout.com/sitemap-base.xml,2024-12-16,https://soldout.com/Southland-Conference,200
https://soldout.com/sitemap-base.xml,2024-12-16,https://soldout.com/partners,200
https://soldout.com/sitemap-base.xml,2024-12-16,https://soldout.com/fully-secured-site,200
https://soldout.com/sitemap-base.xml,2024-12-16,https://soldout.com/more-info,200
https://soldout.com/sitemap-base.xml,2024-12-16,https://soldout.com/Big-South-Conference,200
https://soldout.com/sitemap-base.xml,2024-12-16,https://soldout.com/Super-Bowl-Package,200
https://soldout.com/sitemap-base.xml,2024-12-16,https://soldout.com/testpage-111,200
https://soldout.com/sitemap-base.xml,2024-12-16,https://soldout.com/college-football-conference-championships-post,200
https://soldout.com/sitemap-base.xml,2024-12-16,https://soldout.com/fyre-fest-2,200
https://soldout.com/sitemap-base.xml,2024-12-16,https://soldout.com/news-announcements,200
https://soldout.com/sitemap-base.xml,2024-12-16,https://soldout.com/TEST,200
https://soldout.com/sitemap-base.xml,2024-12-16,https://soldout.com/cyber-sale-24,200
https://soldout.com/sitemap-base.xml,2024-12-16,https://soldout.com/partner-with-us,200
https://soldout.com/sitemap-base.xml,2024-12-16,https://soldout.com/help,200
https://soldout.com/sitemap-base.xml,2024-12-16,https://soldout.com/cityguide,200
https://soldout.com/sitemap-base.xml,2024-12-16,https://soldout.com/fyre-fest-2-add-ons,200
https://soldout.com/sitemap-base.xml,2024-12-16,https://soldout.com/fyre-festival-hotel-packages,200
https://soldout.com/sitemap-base.xml,2024-12-16,https://soldout.com/affilates,200
https://soldout.com/sitemap-base.xml,2024-12-16,https://soldout.com/blog-acl-fest-how-to-buy-austin-city-limits-festival-tickets,200
https://soldout.com/sitemap-base.xml,2024-12-16,https://soldout.com/Big-West-Conference,200
https://soldout.com/sitemap-base.xml,2024-12-16,https://soldout.com/Taylor-Swift-Package,200
https://soldout.com/sitemap-base.xml,2024-12-16,https://soldout.com/acl-discount,200
https://soldout.com/sitemap-base.xml,2024-12-16,https://soldout.com/News-Letter,200
https://soldout.com/sitemap-base.xml,2024-12-16,https://soldout.com/Metro-Atlantic-Athletic-Conference,200
https://soldout.com/sitemap-base.xml,2024-12-16,https://soldout.com/contact-us,200
https://soldout.com/sitemap-category-1.xml,2024-12-16,https://soldout.com/category/ncaa-golf-tickets,200
https://soldout.com/sitemap-category-1.xml,2024-12-16,https://soldout.com/category/pcl-baseball-tickets,200
https://soldout.com/sitemap-category-1.xml,2024-12-16,https://soldout.com/category/ihl-hockey-tickets,200
https://soldout.com/sitemap-category-1.xml,2024-12-16,https://soldout.com/category/ncaa-tennis-tickets,200
https://soldout.com/sitemap-category-1.xml,2024-12-16,https://soldout.com/category/international-baseball-tickets,200
https://soldout.com/sitemap-category-1.xml,2024-12-16,https://soldout.com/category/aaa-baseball-tickets,200
https://soldout.com/sitemap-category-1.xml,2024-12-16,https://soldout.com/category/cfl-football-tickets,200
https://soldout.com/sitemap-category-1.xml,2024-12-16,https://soldout.com/category/figure-skating-tickets,200
https://soldout.com/sitemap-category-1.xml,2024-12-16,https://soldout.com/category/motorcycle-racing-tickets,200
https://soldout.com/sitemap-category-1.xml,2024-12-16,https://soldout.com/category/afl-football-tickets,200
https://soldout.com/sitemap-category-1.xml,2024-12-16,https://soldout.com/category/ncaa-football-tickets,200
https://soldout.com/sitemap-category-1.xml,2024-12-16,https://soldout.com/category/pga-golf-tickets,200
https://soldout.com/sitemap-category-1.xml,2024-12-16,https://soldout.com/category/wnba-basketball-tickets,200
https://soldout.com/sitemap-category-1.xml,2024-12-16,https://soldout.com/category/ncaa-volleyball-tickets,200
https://soldout.com/sitemap-category-1.xml,2024-12-16,https://soldout.com/category/chl-hockey-central-tickets,200
https://soldout.com/sitemap-category-1.xml,2024-12-16,https://soldout.com/category/euro-cup-soccer-tickets,200
https://soldout.com/sitemap-category-1.xml,2024-12-16,https://soldout.com/category/ice-skating-tickets,200
https://soldout.com/sitemap-category-1.xml,2024-12-16,https://soldout.com/category/rodeo-tickets,200
https://soldout.com/sitemap-category-1.xml,2024-12-16,https://soldout.com/category/nhl-hockey-tickets,200
https://soldout.com/sitemap-category-1.xml,2024-12-16,https://soldout.com/category/boxing-tickets,200
https://soldout.com/sitemap-category-1.xml,2024-12-16,https://soldout.com/category/horse-racing-tickets,200
https://soldout.com/sitemap-category-1.xml,2024-12-16,https://soldout.com/category/ahl-hockey-tickets,200
https://soldout.com/sitemap-category-1.xml,2024-12-16,https://soldout.com/category/truck-racing-tickets,200
https://soldout.com/sitemap-category-1.xml,2024-12-16,https://soldout.com/category/belgian-jupiler-league-soccer-tickets,200
https://soldout.com/sitemap-category-1.xml,2024-12-16,https://soldout.com/category/other-basketball-tickets,200
https://soldout.com/sitemap-category-1.xml,2024-12-16,https://soldout.com/category/austrian-t-mobile-bundesliga-soccer-tickets,200
https://soldout.com/sitemap-category-1.xml,2024-12-16,https://soldout.com/category/professional-tennis-tickets,200
https://soldout.com/sitemap-category-1.xml,2024-12-16,https://soldout.com/category/skating-tickets,200
https://soldout.com/sitemap-category-1.xml,2024-12-16,https://soldout.com/category/argentinian-premier-league-soccer-tickets,200
https://soldout.com/sitemap-category-1.xml,2024-12-16,https://soldout.com/category/wwe-wrestling-tickets,200
https://soldout.com/sitemap-category-1.xml,2024-12-16,https://soldout.com/category/ncaa-baseball-tickets,200
https://soldout.com/sitemap-category-1.xml,2024-12-16,https://soldout.com/category/brazilian-serie-a-soccer-tickets,200
https://soldout.com/sitemap-category-1.xml,2024-12-16,https://soldout.com/category/ncaa-soccer-tickets,200
https://soldout.com/sitemap-category-1.xml,2024-12-16,https://soldout.com/category/other-football-tickets,200
https://soldout.com/sitemap-category-1.xml,2024-12-16,https://soldout.com/category/baseball-frontier-league-tickets,200
https://soldout.com/sitemap-category-1.xml,2024-12-16,https://soldout.com/category/lpga-golf-tickets,200
https://soldout.com/sitemap-category-1.xml,2024-12-16,https://soldout.com/category/mlb-baseball-tickets,200
https://soldout.com/sitemap-category-1.xml,2024-12-16,https://soldout.com/category/ncaa-basketball-tickets,200
https://soldout.com/sitemap-category-1.xml,2024-12-16,https://soldout.com/category/nba-basketball-tickets,200
https://soldout.com/sitemap-category-1.xml,2024-12-16,https://soldout.com/category/ncaa-wrestling-tickets,200
https://soldout.com/sitemap-category-1.xml,2024-12-16,https://soldout.com/category/volleyball-tickets,200
https://soldout.com/sitemap-category-1.xml,2024-12-16,https://soldout.com/category/world-cup-soccer-tickets,200
https://soldout.com/sitemap-category-1.xml,2024-12-16,https://soldout.com/category/ncaa-hockey-tickets,200
https://soldout.com/sitemap-category-1.xml,2024-12-16,https://soldout.com/category/nfl-football-tickets,200
https://soldout.com/sitemap-category-1.xml,2024-12-16,https://soldout.com/category/other-sports-tickets,200
https://soldout.com/sitemap-category-1.xml,2024-12-16,https://soldout.com/category/nsl-soccer-tickets,200
https://soldout.com/sitemap-category-1.xml,2024-12-16,https://soldout.com/category/mls-soccer-tickets,200
https://soldout.com/sitemap-category-1.xml,2024-12-16,https://soldout.com/category/echl-hockey-tickets,200
https://soldout.com/sitemap-category-1.xml,2024-12-16,https://soldout.com/category/czech-1-gambrinus-liga-soccer-tickets,200
https://soldout.com/sitemap-category-1.xml,2024-12-16,https://soldout.com/category/croatian-prva-hnl-soccer-tickets,200
https://soldout.com/sitemap-category-1.xml,2024-12-16,https://soldout.com/category/bundesliga-soccer-tickets,200
https://soldout.com/sitemap-category-1.xml,2024-12-16,https://soldout.com/category/auto-racing-tickets,200
https://soldout.com/sitemap-category-1.xml,2024-12-16,https://soldout.com/category/other-soccer-tickets,200
https://soldout.com/sitemap-category-1.xml,2024-12-16,https://soldout.com/category/tennis-tickets,200
https://soldout.com/sitemap-category-1.xml,2024-12-16,https://soldout.com/category/golf-tickets,200
https://soldout.com/sitemap-category-1.xml,2024-12-16,https://soldout.com/category/chl-hockey-canadian-tickets,200
https://soldout.com/sitemap-category-1.xml,2024-12-16,https://soldout.com/category/basketball-tickets,200
https://soldout.com/sitemap-category-1.xml,2024-12-16,https://soldout.com/category/israeli-premier-league-soccer-tickets,200
https://soldout.com/sitemap-category-1.xml,2024-12-16,https://soldout.com/category/south-korean-k-league-soccer-tickets,200
https://soldout.com/sitemap-category-1.xml,2024-12-16,https://soldout.com/category/italian-serie-a-soccer-tickets,200
https://soldout.com/sitemap-category-1.xml,2024-12-16,https://soldout.com/category/other-wrestling-tickets,200
https://soldout.com/sitemap-category-1.xml,2024-12-16,https://soldout.com/category/swiss-super-league-soccer-tickets,200
https://soldout.com/sitemap-category-1.xml,2024-12-16,https://soldout.com/category/irish-league-soccer-tickets,200
https://soldout.com/sitemap-category-1.xml,2024-12-16,https://soldout.com/category/wrestling-tickets,200
https://soldout.com/sitemap-category-1.xml,2024-12-16,https://soldout.com/category/japanese-j1-league-soccer-tickets,200
https://soldout.com/sitemap-category-1.xml,2024-12-16,https://soldout.com/category/serbia-montenegro-prva-liga-soccer-tickets,200
https://soldout.com/sitemap-category-1.xml,2024-12-16,https://soldout.com/category/singaporean-premier-league-soccer-tickets,200
https://soldout.com/sitemap-category-1.xml,2024-12-16,https://soldout.com/category/other-baseball-tickets,200
https://soldout.com/sitemap-category-1.xml,2024-12-16,https://soldout.com/category/mexican-primera-division-soccer-tickets,200
https://soldout.com/sitemap-category-1.xml,2024-12-16,https://soldout.com/category/romanian-divizia-a-soccer-tickets,200
https://soldout.com/sitemap-category-1.xml,2024-12-16,https://soldout.com/category/portuguese-primeira-liga-soccer-tickets,200
https://soldout.com/sitemap-category-1.xml,2024-12-16,https://soldout.com/category/french-ligue-1-soccer-tickets,200
https://soldout.com/sitemap-category-1.xml,2024-12-16,https://soldout.com/category/epl-soccer-tickets,200
https://soldout.com/sitemap-category-1.xml,2024-12-16,https://soldout.com/category/swedish-allsvenskan-soccer-tickets,200
https://soldout.com/sitemap-category-1.xml,2024-12-16,https://soldout.com/category/polish-i-liga-soccer-tickets,200
https://soldout.com/sitemap-category-1.xml,2024-12-16,https://soldout.com/category/football-tickets,200
https://soldout.com/sitemap-category-1.xml,2024-12-16,https://soldout.com/category/summer-games-badminton-tickets,200
https://soldout.com/sitemap-category-1.xml,2024-12-16,https://soldout.com/category/summer-games-baseball-tickets,200
https://soldout.com/sitemap-category-1.xml,2024-12-16,https://soldout.com/category/uruguay-primera-division-soccer-tickets,200
https://soldout.com/sitemap-category-1.xml,2024-12-16,https://soldout.com/category/holland-casino-eredivisie-soccer-tickets,200
https://soldout.com/sitemap-category-1.xml,2024-12-16,https://soldout.com/category/baseball-tickets,200
https://soldout.com/sitemap-category-1.xml,2024-12-16,https://soldout.com/category/irish-league-of-ireland-soccer-tickets,200
https://soldout.com/sitemap-base.xml,2024-12-16,https://soldout.com/,200
https://soldout.com/sitemap-category-1.xml,2024-12-16,https://soldout.com/category/misl-soccer-tickets,200
https://soldout.com/sitemap-category-1.xml,2024-12-16,https://soldout.com/category/racing-tickets,200
https://soldout.com/sitemap-category-1.xml,2024-12-16,https://soldout.com/category/scottish-premier-league-soccer-tickets,200
https://soldout.com/sitemap-category-1.xml,2024-12-16,https://soldout.com/category/cricket-tickets,200
https://soldout.com/sitemap-category-1.xml,2024-12-16,https://soldout.com/category/summer-games-artistic-gymnastics-tickets,200
https://soldout.com/sitemap-category-1.xml,2024-12-16,https://soldout.com/category/turkish-super-lig-soccer-tickets,200
https://soldout.com/sitemap-base.xml,2024-12-16,https://soldout.com/,200
https://soldout.com/sitemap-category-1.xml,2024-12-16,https://soldout.com/category/spanish-liga-soccer-tickets,200
https://soldout.com/sitemap-category-1.xml,2024-12-16,https://soldout.com/category/danish-superliga-soccer-tickets,200
https://soldout.com/sitemap-category-1.xml,2024-12-16,https://soldout.com/category/finnish-veikkausliiga-soccer-tickets,200
https://soldout.com/sitemap-category-1.xml,2024-12-16,https://soldout.com/category/summer-games-basketball-tickets,200
https://soldout.com/sitemap-category-1.xml,2024-12-16,https://soldout.com/category/norwegian-tippeligaen-soccer-tickets,200
https://soldout.com/sitemap-category-1.xml,2024-12-16,https://soldout.com/category/hockey-tickets,200
https://soldout.com/sitemap-category-1.xml,2024-12-16,https://soldout.com/category/jazz-blues-tickets,200
https://soldout.com/sitemap-category-1.xml,2024-12-16,https://soldout.com/category/greek-superleague-soccer-tickets,200
https://soldout.com/sitemap-category-1.xml,2024-12-16,https://soldout.com/category/nll-lacrosse-tickets,200
https://soldout.com/sitemap-category-1.xml,2024-12-16,https://soldout.com/category/rap-hip-hop-tickets,200
https://soldout.com/sitemap-category-1.xml,2024-12-16,https://soldout.com/category/50s-60s-era-tickets,200
https://soldout.com/sitemap-category-1.xml,2024-12-16,https://soldout.com/category/holiday-tickets,200
https://soldout.com/sitemap-category-1.xml,2024-12-16,https://soldout.com/category/alternative-tickets,200
https://soldout.com/sitemap-category-1.xml,2024-12-16,https://soldout.com/category/summer-games-archery-tickets,200
https://soldout.com/sitemap-category-1.xml,2024-12-16,https://soldout.com/category/las-vegas-shows-tickets,200
https://soldout.com/sitemap-category-1.xml,2024-12-16,https://soldout.com/category/las-vegas-nightclubs-tickets,200
https://soldout.com/sitemap-category-1.xml,2024-12-16,https://soldout.com/category/ncaa-lacrosse-tickets,200
https://soldout.com/sitemap-category-1.xml,2024-12-16,https://soldout.com/category/religious-tickets,200
https://soldout.com/sitemap-category-1.xml,2024-12-16,https://soldout.com/category/ballet-tickets,200
https://soldout.com/sitemap-category-1.xml,2024-12-16,https://soldout.com/category/new-age-tickets,200
https://soldout.com/sitemap-category-1.xml,2024-12-16,https://soldout.com/category/latin-tickets,200
https://soldout.com/sitemap-category-1.xml,2024-12-16,https://soldout.com/category/ncaa-gymnastics-tickets,200
https://soldout.com/sitemap-category-1.xml,2024-12-16,https://soldout.com/category/french-ligue-lower-divisions-soccer-tickets,200
https://soldout.com/sitemap-category-1.xml,2024-12-16,https://soldout.com/category/rb-soul-tickets,200
https://soldout.com/sitemap-category-1.xml,2024-12-16,https://soldout.com/category/portuguese-segunda-liga-soccer-tickets,200
https://soldout.com/sitemap-category-1.xml,2024-12-16,https://soldout.com/category/boat-racing-tickets,200
https://soldout.com/sitemap-category-1.xml,2024-12-16,https://soldout.com/category/opera-tickets,200
https://soldout.com/sitemap-category-1.xml,2024-12-16,https://soldout.com/category/panamanian-football-league-soccer-tickets,200
https://soldout.com/sitemap-category-1.xml,2024-12-16,https://soldout.com/category/summer-games-womens-basketball-tickets,200
https://soldout.com/sitemap-category-1.xml,2024-12-16,https://soldout.com/category/mll-lacrosse-tickets,200
https://soldout.com/sitemap-category-1.xml,2024-12-16,https://soldout.com/category/dutch-eerste-divisie-soccer-tickets,200
https://soldout.com/sitemap-category-1.xml,2024-12-16,https://soldout.com/category/techno-electronic-tickets,200
https://soldout.com/sitemap-category-1.xml,2024-12-16,https://soldout.com/category/college-bands-tickets,200
https://soldout.com/sitemap-category-1.xml,2024-12-16,https://soldout.com/category/sports-tickets,200
https://soldout.com/sitemap-category-1.xml,2024-12-16,https://soldout.com/category/country-folk-tickets,200
https://soldout.com/sitemap-category-1.xml,2024-12-16,https://soldout.com/category/religious-concerts-tickets,200
https://soldout.com/sitemap-category-1.xml,2024-12-16,https://soldout.com/category/las-vegas-other-tickets,200
https://soldout.com/sitemap-category-1.xml,2024-12-16,https://soldout.com/category/nasl-soccer-tickets,200
https://soldout.com/sitemap-category-1.xml,2024-12-16,https://soldout.com/category/jamaican-national-premier-league-soccer-tickets,200
https://soldout.com/sitemap-category-1.xml,2024-12-16,https://soldout.com/category/other-concerts-tickets,200
https://soldout.com/sitemap-performer-1.xml,2024-12-16,https://soldout.com/performer/denver-broncos-tickets,200
https://soldout.com/sitemap-category-1.xml,2024-12-16,https://soldout.com/category/hard-rock-metal-tickets,200
https://soldout.com/sitemap-category-1.xml,2024-12-16,https://soldout.com/category/summer-games-diving-tickets,200
https://soldout.com/sitemap-category-1.xml,2024-12-16,https://soldout.com/category/ncaa-softball-tickets,200
https://soldout.com/sitemap-category-1.xml,2024-12-16,https://soldout.com/category/rugby-tickets,200
https://soldout.com/sitemap-category-1.xml,2024-12-16,https://soldout.com/category/ufl-football-tickets,200
https://soldout.com/sitemap-category-1.xml,2024-12-16,https://soldout.com/category/fairs-festivals-tickets,200
https://soldout.com/sitemap-category-1.xml,2024-12-16,https://soldout.com/category/dutch-eredivise-soccer-tickets,200
https://soldout.com/sitemap-category-1.xml,2024-12-16,https://soldout.com/category/gymnastics-tickets,200
https://soldout.com/sitemap-category-1.xml,2024-12-16,https://soldout.com/category/family-theatre-tickets,200
https://soldout.com/sitemap-category-1.xml,2024-12-16,https://soldout.com/category/xsl-soccer-tickets,200
https://soldout.com/sitemap-category-1.xml,2024-12-16,https://soldout.com/category/musical-play-tickets,200
https://soldout.com/sitemap-category-1.xml,2024-12-16,https://soldout.com/category/summer-games-bmx-cycling-tickets,200
https://soldout.com/sitemap-category-1.xml,2024-12-16,https://soldout.com/category/english-football-leagues-lower-divisions-soccer-tickets,200
https://soldout.com/sitemap-category-1.xml,2024-12-16,https://soldout.com/category/national-teams-soccer-tickets,200
https://soldout.com/sitemap-category-1.xml,2024-12-16,https://soldout.com/category/usl-soccer-tickets,200
https://soldout.com/sitemap-category-1.xml,2024-12-16,https://soldout.com/category/comedy-tickets,200
https://soldout.com/sitemap-category-1.xml,2024-12-16,https://soldout.com/category/adult-tickets,200
https://soldout.com/sitemap-category-1.xml,2024-12-16,https://soldout.com/category/nwsl-soccer-tickets,200
https://soldout.com/sitemap-category-1.xml,2024-12-16,https://soldout.com/category/family-concerts-tickets,200
https://soldout.com/sitemap-category-1.xml,2024-12-16,https://soldout.com/category/general-world-tickets,200
https://soldout.com/sitemap-category-1.xml,2024-12-16,https://soldout.com/category/german-bundesliga-lower-divisions-soccer-tickets,200
https://soldout.com/sitemap-category-1.xml,2024-12-16,https://soldout.com/category/classical-tickets,200
https://soldout.com/sitemap-category-1.xml,2024-12-16,https://soldout.com/category/summer-games-boxing-tickets,200
https://soldout.com/sitemap-category-1.xml,2024-12-16,https://soldout.com/category/summer-games-mountain-biking-tickets,200
https://soldout.com/sitemap-category-1.xml,2024-12-16,https://soldout.com/category/summer-games-field-hockey-tickets,200
https://soldout.com/sitemap-category-1.xml,2024-12-16,https://soldout.com/category/summer-games-flatwater-canoekayak-tickets,200
https://soldout.com/sitemap-category-1.xml,2024-12-16,https://soldout.com/category/las-vegas-theatre-tickets,200
https://soldout.com/sitemap-category-1.xml,2024-12-16,https://soldout.com/category/lectures-tickets,200
https://soldout.com/sitemap-category-1.xml,2024-12-16,https://soldout.com/category/summer-games-equestrian-tickets,200
https://soldout.com/sitemap-category-1.xml,2024-12-16,https://soldout.com/category/softball-tickets,200
https://soldout.com/sitemap-category-1.xml,2024-12-16,https://soldout.com/category/bluegrass-tickets,200
https://soldout.com/sitemap-category-1.xml,2024-12-16,https://soldout.com/category/summer-games-rhythmic-gymnastics-tickets,200
https://soldout.com/sitemap-category-1.xml,2024-12-16,https://soldout.com/category/summer-games-soccer-tickets,200
https://soldout.com/sitemap-category-1.xml,2024-12-16,https://soldout.com/category/magic-shows-tickets,200
https://soldout.com/sitemap-category-1.xml,2024-12-16,https://soldout.com/category/lacrosse-tickets,200
https://soldout.com/sitemap-category-1.xml,2024-12-16,https://soldout.com/category/whl-hockey-tickets,200
https://soldout.com/sitemap-category-1.xml,2024-12-16,https://soldout.com/category/celtic-tickets,200
https://soldout.com/sitemap-category-1.xml,2024-12-16,https://soldout.com/category/khl-hockey-tickets,200
https://soldout.com/sitemap-category-1.xml,2024-12-16,https://soldout.com/category/circus-tickets,200
https://soldout.com/sitemap-category-1.xml,2024-12-16,https://soldout.com/category/summer-games-beach-volleyball-tickets,200
https://soldout.com/sitemap-category-1.xml,2024-12-16,https://soldout.com/category/summer-games-shooting-tickets,200
https://soldout.com/sitemap-category-1.xml,2024-12-16,https://soldout.com/category/broadway-tickets,200
https://soldout.com/sitemap-category-1.xml,2024-12-16,https://soldout.com/category/summer-games-track-field-tickets,200
https://soldout.com/sitemap-category-1.xml,2024-12-16,https://soldout.com/category/summer-games-taekwondo-tickets,200
https://soldout.com/sitemap-category-1.xml,2024-12-16,https://soldout.com/category/summer-games-wrestling-tickets,200
https://soldout.com/sitemap-category-1.xml,2024-12-16,https://soldout.com/category/winter-games-alpine-skiing-tickets,200
https://soldout.com/sitemap-category-1.xml,2024-12-16,https://soldout.com/category/champions-league-soccer-tickets,200
https://soldout.com/sitemap-category-1.xml,2024-12-16,https://soldout.com/category/summer-games-triathlon-tickets,200
https://soldout.com/sitemap-category-1.xml,2024-12-16,https://soldout.com/category/italian-serie-lower-divisions-soccer-tickets,200
https://soldout.com/sitemap-category-1.xml,2024-12-16,https://soldout.com/category/winter-games-cross-country-skiing-tickets,200
https://soldout.com/sitemap-category-1.xml,2024-12-16,https://soldout.com/category/summer-games-swimming-tickets,200
https://soldout.com/sitemap-category-1.xml,2024-12-16,https://soldout.com/category/summer-games-synchronized-swimming-tickets,200
https://soldout.com/sitemap-category-1.xml,2024-12-16,https://soldout.com/category/winter-games-ice-hockey-tickets,200
https://soldout.com/sitemap-category-1.xml,2024-12-16,https://soldout.com/category/summer-games-urban-cycling-tickets,200
https://soldout.com/sitemap-category-1.xml,2024-12-16,https://soldout.com/category/summer-games-track-cycling-tickets,200
https://soldout.com/sitemap-category-1.xml,2024-12-16,https://soldout.com/category/winter-games-snowboard-tickets,200
https://soldout.com/sitemap-category-1.xml,2024-12-16,https://soldout.com/category/other-tickets,200
https://soldout.com/sitemap-category-1.xml,2024-12-16,https://soldout.com/category/film-tickets,200
https://soldout.com/sitemap-category-1.xml,2024-12-16,https://soldout.com/category/summer-games-trampoline-gymnastics-tickets,200
https://soldout.com/sitemap-category-1.xml,2024-12-16,https://soldout.com/category/world-tickets,200
https://soldout.com/sitemap-category-1.xml,2024-12-16,https://soldout.com/category/winter-games-ski-jumping-tickets,200
https://soldout.com/sitemap-category-1.xml,2024-12-16,https://soldout.com/category/winter-games-short-track-speed-skating-tickets,200
https://soldout.com/sitemap-category-1.xml,2024-12-16,https://soldout.com/category/summer-games-modern-pentathlon-tickets,200
https://soldout.com/sitemap-category-1.xml,2024-12-16,https://soldout.com/category/winter-games-figure-skating-tickets,200
https://soldout.com/sitemap-category-1.xml,2024-12-16,https://soldout.com/category/summer-games-marathon-tickets,200
https://soldout.com/sitemap-category-1.xml,2024-12-16,https://soldout.com/category/winter-games-skeleton-tickets,200
https://soldout.com/sitemap-category-1.xml,2024-12-16,https://soldout.com/category/soccer-tournaments-tickets,200
https://soldout.com/sitemap-category-1.xml,2024-12-16,https://soldout.com/category/winter-games-speed-skating-tickets,200
https://soldout.com/sitemap-category-1.xml,2024-12-16,https://soldout.com/category/summer-games-judo-tickets,200
https://soldout.com/sitemap-category-1.xml,2024-12-16,https://soldout.com/category/winter-games-nordic-combined-tickets,200
https://soldout.com/sitemap-category-1.xml,2024-12-16,https://soldout.com/category/winter-games-closing-ceremony-tickets,200
https://soldout.com/sitemap-category-1.xml,2024-12-16,https://soldout.com/category/other-theatre-tickets,200
https://soldout.com/sitemap-category-1.xml,2024-12-16,https://soldout.com/category/winter-games-super-g-skiing-tickets,200
https://soldout.com/sitemap-category-1.xml,2024-12-16,https://soldout.com/category/unknown-other-tickets,200
https://soldout.com/sitemap-category-1.xml,2024-12-16,https://soldout.com/category/summer-games-water-polo-tickets,200
https://soldout.com/sitemap-category-1.xml,2024-12-16,https://soldout.com/category/reggae-tickets,200
https://soldout.com/sitemap-category-1.xml,2024-12-16,https://soldout.com/category/summer-games-tennis-tickets,200
https://soldout.com/sitemap-category-1.xml,2024-12-16,https://soldout.com/category/summer-games-sailing-tickets,200
https://soldout.com/sitemap-category-1.xml,2024-12-16,https://soldout.com/category/theatre-tickets,200
https://soldout.com/sitemap-category-1.xml,2024-12-16,https://soldout.com/category/nascar-racing-tickets,200
https://soldout.com/sitemap-category-1.xml,2024-12-16,https://soldout.com/category/winter-games-curling-tickets,200
https://soldout.com/sitemap-category-1.xml,2024-12-16,https://soldout.com/category/summer-games-volleyball-tickets,200
https://soldout.com/sitemap-category-1.xml,2024-12-16,https://soldout.com/category/winter-games-luge-tickets,200
https://soldout.com/sitemap-category-1.xml,2024-12-16,https://soldout.com/category/taped-program-tickets,200
https://soldout.com/sitemap-category-1.xml,2024-12-16,https://soldout.com/category/winter-games-combined-skiing-tickets,200
https://soldout.com/sitemap-category-1.xml,2024-12-16,https://soldout.com/category/winter-games-downhill-skiing-tickets,200
https://soldout.com/sitemap-category-1.xml,2024-12-16,https://soldout.com/category/spanish-liga-lower-divisions-soccer-tickets,200
https://soldout.com/sitemap-city-1.xml,2024-12-16,https://soldout.com/city/hastings-mn-tickets,200
https://soldout.com/sitemap-city-1.xml,2024-12-16,https://soldout.com/city/jackson-tn-tickets,200
https://soldout.com/sitemap-category-1.xml,2024-12-16,https://soldout.com/category/summer-games-handball-tickets,200
https://soldout.com/sitemap-performer-1.xml,2024-12-16,https://soldout.com/performer/ja-rule-tickets,200
https://soldout.com/sitemap-category-1.xml,2024-12-16,https://soldout.com/category/sphl-hockey-tickets,200
https://soldout.com/sitemap-category-1.xml,2024-12-16,https://soldout.com/category/ufc-mma-tickets,200
https://soldout.com/sitemap-city-1.xml,2024-12-16,https://soldout.com/city/bournemouth-bmh-gb-tickets,200
https://soldout.com/sitemap-category-1.xml,2024-12-16,https://soldout.com/category/off-broadway-tickets,200
https://soldout.com/sitemap-category-1.xml,2024-12-16,https://soldout.com/category/summer-games-opening-ceremony-tickets,200
https://soldout.com/sitemap-category-1.xml,2024-12-16,https://soldout.com/category/theatre-festival-tickets,200
https://soldout.com/sitemap-category-1.xml,2024-12-16,https://soldout.com/category/museum-exhibit-tickets,200
https://soldout.com/sitemap-city-1.xml,2024-12-16,https://soldout.com/city/valras-plage-he-fr-tickets,200
https://soldout.com/sitemap-city-1.xml,2024-12-16,https://soldout.com/city/secaucus-nj-tickets,200
https://soldout.com/sitemap-city-1.xml,2024-12-16,https://soldout.com/city/dania-fl-tickets,200
https://soldout.com/sitemap-category-1.xml,2024-12-16,https://soldout.com/category/summer-games-softball-tickets,200
https://soldout.com/sitemap-city-1.xml,2024-12-16,https://soldout.com/city/northwich-chs-gb-tickets,200
https://soldout.com/sitemap-category-1.xml,2024-12-16,https://soldout.com/category/winter-games-freestyle-skiing-tickets,200
https://soldout.com/sitemap-category-1.xml,2024-12-16,https://soldout.com/category/pop-rock-tickets,200
https://soldout.com/sitemap-category-1.xml,2024-12-16,https://soldout.com/category/dance-tickets,200
https://soldout.com/sitemap-city-1.xml,2024-12-16,https://soldout.com/city/waterford-ca-tickets,200
https://soldout.com/sitemap-category-1.xml,2024-12-16,https://soldout.com/category/polish-ekstraklasa-soccer-tickets,200
https://soldout.com/sitemap-category-1.xml,2024-12-16,https://soldout.com/category/performance-series-tickets,200
https://soldout.com/sitemap-city-1.xml,2024-12-16,https://soldout.com/city/oxford-nc-tickets,200
https://soldout.com/sitemap-category-1.xml,2024-12-16,https://soldout.com/category/summer-games-rowing-tickets,200
https://soldout.com/sitemap-category-1.xml,2024-12-16,https://soldout.com/category/concert-festival-tour-tickets,200
https://soldout.com/sitemap-city-1.xml,2024-12-16,https://soldout.com/city/roanoke-tx-tickets,200
https://soldout.com/sitemap-category-1.xml,2024-12-16,https://soldout.com/category/summer-winter-games-hotels-tickets,200
https://soldout.com/sitemap-city-1.xml,2024-12-16,https://soldout.com/city/avenches-vd-ch-tickets,200
https://soldout.com/sitemap-city-1.xml,2024-12-16,https://soldout.com/city/wister-ok-tickets,200
https://soldout.com/sitemap-category-1.xml,2024-12-16,https://soldout.com/category/winter-games-giant-slalom-skiing-tickets,200
https://soldout.com/sitemap-category-1.xml,2024-12-16,https://soldout.com/category/winter-games-slalom-skiing-tickets,200
https://soldout.com/sitemap-city-1.xml,2024-12-16,https://soldout.com/city/bad-berleburg-weidenhausen-nw-de-tickets,200
https://soldout.com/sitemap-city-1.xml,2024-12-16,https://soldout.com/city/kitty-hawk-nc-tickets,200
https://soldout.com/sitemap-city-1.xml,2024-12-16,https://soldout.com/city/delmar-md-tickets,200
https://soldout.